{
  "lang":"en",
  "name":"pipeline",
  "version":"0.0.0",
  "spacy_version":">=3.7.5,<3.8.0",
  "description":"",
  "author":"",
  "email":"",
  "url":"",
  "license":"",
  "spacy_git_version":"a6d0fc360",
  "vectors":{
    "width":300,
    "vectors":514157,
    "keys":514157,
    "name":"en_vectors",
    "mode":"default"
  },
  "labels":{
    "tok2vec":[

    ],
    "ner":[
      "CARDINAL",
      "CLIMATE",
      "DATE",
      "DEMOGRAPHIC",
      "EDUCATION",
      "EVENT",
      "FAC",
      "GPE",
      "HEALTH",
      "HEALTH SERVICES",
      "INDUSTRY",
      "LABOR",
      "LANGUAGE",
      "LAW",
      "LOC",
      "MENTAL AND PHYSICAL HEALTH",
      "MONEY",
      "NORP",
      "ORDINAL",
      "ORG",
      "PERCENT",
      "PERSON",
      "PRODUCT",
      "PRODUCTION",
      "QUANTITY",
      "SCHOOL DISTRICT",
      "WORK_OF_ART"
    ]
  },
  "pipeline":[
    "tok2vec",
    "ner"
  ],
  "components":[
    "tok2vec",
    "ner"
  ],
  "disabled":[

  ],
  "performance":{
    "ents_f":0.9508277131,
    "ents_p":0.9521119843,
    "ents_r":0.9495469018,
    "ents_per_type":{
      "MENTAL AND PHYSICAL HEALTH":{
        "p":0.9286536249,
        "r":0.9057239057,
        "f":0.9170454545
      },
      "ORG":{
        "p":0.954954955,
        "r":0.8760330579,
        "f":0.9137931034
      },
      "DATE":{
        "p":0.9688715953,
        "r":0.9803149606,
        "f":0.9745596869
      },
      "CARDINAL":{
        "p":1.0,
        "r":0.9813664596,
        "f":0.9905956113
      },
      "PRODUCT":{
        "p":0.2222222222,
        "r":0.4,
        "f":0.2857142857
      },
      "GPE":{
        "p":0.9478672986,
        "r":0.9803921569,
        "f":0.9638554217
      },
      "PERSON":{
        "p":1.0,
        "r":1.0,
        "f":1.0
      },
      "ORDINAL":{
        "p":1.0,
        "r":1.0,
        "f":1.0
      },
      "NORP":{
        "p":0.9833333333,
        "r":0.9833333333,
        "f":0.9833333333
      },
      "WORK_OF_ART":{
        "p":0.9090909091,
        "r":0.8333333333,
        "f":0.8695652174
      },
      "LAW":{
        "p":0.4761904762,
        "r":0.4545454545,
        "f":0.4651162791
      },
      "PERCENT":{
        "p":1.0,
        "r":1.0,
        "f":1.0
      },
      "MONEY":{
        "p":0.0,
        "r":0.0,
        "f":0.0
      },
      "LABOR":{
        "p":0.9523809524,
        "r":0.9917355372,
        "f":0.971659919
      },
      "DEMOGRAPHIC":{
        "p":0.9807162534,
        "r":0.9647696477,
        "f":0.9726775956
      },
      "EDUCATION":{
        "p":0.9574712644,
        "r":0.9742690058,
        "f":0.9657971014
      },
      "LOC":{
        "p":0.953125,
        "r":0.9838709677,
        "f":0.9682539683
      },
      "SCHOOL DISTRICT":{
        "p":0.976076555,
        "r":0.9400921659,
        "f":0.9577464789
      },
      "PRODUCTION":{
        "p":0.9537572254,
        "r":0.9880239521,
        "f":0.9705882353
      },
      "EVENT":{
        "p":0.7692307692,
        "r":0.7142857143,
        "f":0.7407407407
      },
      "LANGUAGE":{
        "p":1.0,
        "r":1.0,
        "f":1.0
      },
      "FAC":{
        "p":0.5,
        "r":0.5,
        "f":0.5
      },
      "CLIMATE":{
        "p":0.9620853081,
        "r":0.9575471698,
        "f":0.9598108747
      },
      "QUANTITY":{
        "p":0.7,
        "r":0.7,
        "f":0.7
      },
      "HEALTH SERVICES":{
        "p":1.0,
        "r":1.0,
        "f":1.0
      },
      "INDUSTRY":{
        "p":1.0,
        "r":0.9591836735,
        "f":0.9791666667
      },
      "HEALTH":{
        "p":0.0,
        "r":0.0,
        "f":0.0
      }
    },
    "tok2vec_loss":630.0938939069,
    "ner_loss":3250.9668921013
  }
}